Index,Sequence Number,Suggested Question
FA1,1,hi!
FA2,2,how are you?
FA3,3,i would like to buy the revocable one.
FA4,4,Can you tell me my name?
FA5,5,Can you tell me my previous question?
FA6,6,Can i please talk with a real person?
FA7,7,yes i have more questions
FA8,8,no
FA9,9,i am ready to make the purchase.
FA10,10,tell me anything
FA11,11,hi!
FA12,12,how are you?
FA13,13,Can you tell me my name?
FA14,14,Can you tell me my previous question?
FA15,15,Can i please talk with a real person?
FA16,16,yes i have more questions
FA17,17,no
FA18,18,tell me anything
FA19,19,i would like to go with revocable trust package
FA20,20,i want 7 payments
FA21,21,can you make 3 payments
FA22,22,I am having an issue
FA23,23,can you please change my package to irrevocable
FA24,24,can you please change my payments to 5 as well
FA25,25,how can i change my email?
FA26,26,yes
FA27,27,I have signed the agreement
FA28,28,it's paid
FA29,29,yes
GA1,1,What exactly is a Trust?
GA1,2,Can you define what a Trust is?
GA1,3,How does a Trust work in estate planning?
GA1,4,What are the main benefits of a Trust?
GA1,5,Why would someone set up a Trust?
GA2,1,What defines an Irrevocable Trust?
GA2,2,How does an Irrevocable Trust function?
GA2,3,What are the benefits of an Irrevocable Trust?
GA2,4,Why might someone choose an Irrevocable Trust?
GA2,5,Can an Irrevocable Trust be changed once created?
GA3,1,Can you explain a Revocable Trust?
GA3,2,What are the key features of a Revocable Trust?
GA3,3,How does a Revocable Trust work?
GA3,4,In what situations would I use a Revocable Trust?
GA3,5,What is the purpose of a Revocable Trust?
GA4,1,Can you explain how an Irrevocable Trust differs from a Revocable Trust?
GA4,2,What makes a Revocable Trust more flexible than an Irrevocable Trust?
GA4,3,Are there advantages to using an Irrevocable Trust over a Revocable Trust?
GA4,4,How does the permanence of an Irrevocable Trust affect estate planning?
GA4,5,What should I consider when choosing between a Revocable and an Irrevocable Trust?
GA5,1,What products or services do you provide?
GA5,2,What packages are available on your website?
GA5,3,Can you explain the trust packages you offer?
GA5,4,What is included in your Living Trust packages?
GA5,5,What kind of estate planning services do you offer?
GA8,1,What are the advantages of using a Living Trust?
GA8,2,How can a Living Trust benefit me?
GA8,3,What is the main purpose of a Living Trust?
GA8,4,Can you explain how a Living Trust works?
GA8,5,Why should I consider a Living Trust?
GA9,1,What are the advantages of using a Living Trust?
GA9,2,How can a Living Trust benefit me?
GA9,3,What is the main purpose of a Living Trust?
GA9,4,Can you explain how a Living Trust works?
GA9,5,Why should I consider a Living Trust?
GA10,1,What are the responsibilities of a trustee?
GA10,2,What role does a trustee play in managing a trust?
GA10,3,How does a trustee manage assets in a trust?
GA10,4,Can you explain the duties of a trustee?
GA10,5,Who can be a trustee and what do they do?
GA11,1,What are the ways Living a can assist in protect?
GA11,2,In which situations Living a be helpful in protect?
GA11,3,How does Living a contribute to protect prevention?
GA11,4,Are there methods for Living a to avoid protect claims?
GA11,5,Can Living a mitigate protect concerns?
GA13,1,What are the benefits of establishing a Charitable Trust?
GA13,2,How does a Charitable Remainder Trust work?
GA13,3,What is the difference between a Charitable Lead Trust and a Charitable Remainder Trust?
GA13,4,Can you explain the tax advantages of a Charitable Trust?
GA13,5,Who should I consult for detailed tax planning regarding Charitable Trusts?
GA14,1,How does a Special Needs Trust protect government benefits?
GA14,2,What are the advantages of setting up a Special Needs Trust?
GA14,3,Can a Special Needs Trust provide additional financial support?
GA14,4,What types of expenses can be covered by a Special Needs Trust?
GA14,5,Who can benefit from a Special Needs Trust?
GA15,1,What are the primary purposes of a Testamentary Trust?
GA15,2,How does a Testamentary Trust differ from a living trust?
GA15,3,Who can benefit from a Testamentary Trust?
GA15,4,What are the disadvantages of using a Testamentary Trust?
GA15,5,When does a Testamentary Trust become effective?
GA16,1,How can a Charitable Trust provide tax benefits?
GA16,2,What are the key advantages of setting up a Charitable Trust?
GA16,3,In what ways does a Charitable Trust help with estate planning?
GA16,4,How does a Charitable Trust allow me to support causes I care about?
GA16,5,What should I consider when establishing a Charitable Trust?
GA17,1,How does an Irrevocable Life Insurance Trust work?
GA17,2,What are the benefits of using an ILIT in estate planning?
GA17,3,In what ways can an ILIT help reduce estate taxes?
GA17,4,What types of policies can be held in an Irrevocable Life Insurance Trust?
GA17,5,Why might someone choose to establish an ILIT over other types of trusts?
GA18,1,How does a Living Trust impact capital gains taxes?
GA18,2,"What is a step-up in basis, and how does it relate to a Living Trust?"
GA18,3,Can a Living Trust provide tax advantages for appreciated assets?
GA18,4,What are the tax benefits of using a Living Trust at death?
GA18,5,How can I avoid capital gains taxes through estate planning?
GA19,1,What are the key features of a Special Needs Trust?
GA19,2,How does a Special Needs Trust protect government benefits?
GA19,3,Can a Special Needs Trust provide additional financial support without affecting benefits?
GA19,4,What types of assets can be included in a Special Needs Trust?
GA19,5,"Who can benefit from a Special Needs Trust, and how?"
GA20,1,How do assets in an Irrevocable Living Trust transfer after death?
GA20,2,What are the benefits of using an Irrevocable Living Trust in estate planning?
GA20,3,Can beneficiaries access assets in an Irrevocable Living Trust immediately after death?
GA20,4,What role does probate play in the transfer of assets from a trust?
GA20,5,How does an Irrevocable Living Trust affect the distribution of assets?
GA21,1,Who is responsible for managing the assets in a Trust?
GA21,2,Who handles the assets within a Trust?
GA21,3,Who takes charge of managing Trust assets?
GA21,4,Who oversees the management of assets in a Trust?
GA21,5,Who is the designated manager for assets in a Trust?
GA22,1,Can a Living Trust help avoid family disputes after someone passes away?
GA22,2,Does a Living Trust reduce the likelihood of family disputes after death?
GA22,3,How does a Living Trust minimize family disagreements posthumously?
GA22,4,Is a Living Trust helpful in preventing family conflicts after death?
GA22,5,How can a Living Trust contribute to fewer family disputes after a person's death?
GA23,1,How is a Living Trust different from a Testamentary Trust?
GA23,2,What sets a Living Trust apart from a Testamentary Trust?
GA23,3,In what way does a Living Trust differ from a Testamentary Trust?
GA23,4,How do Living Trusts and Testamentary Trusts vary?
GA23,5,What distinguishes a Living Trust from a Testamentary Trust?
GA26,1,Who would benefit from creating a Special Needs Trust?
GA26,2,Who is the ideal beneficiary for a Special Needs Trust?
GA26,3,Who should consider setting up a Special Needs Trust?
GA26,4,Who is the primary beneficiary of a Special Needs Trust?
GA26,5,Which individuals benefit most from a Special Needs Trust?
GA27,1,What level of control does the grantor have in a Special Needs Trust?
GA27,2,What kind of authority does a grantor retain in a Special Needs Trust?
GA27,3,How much control can a grantor maintain in a Special Needs Trust?
GA27,4,What control options does the grantor have in a Special Needs Trust?
GA27,5,What aspects can a grantor manage in a Special Needs Trust?
GA28,1,How does a Charitable Remainder Trust benefit the grantor financially?
GA28,2,What are the tax advantages of setting up a Charitable Remainder Trust?
GA28,3,In what ways can a Charitable Remainder Trust support charitable causes?
GA28,4,Who can benefit from a Charitable Remainder Trust aside from charities?
GA28,5,What is the process of transferring assets to a Charitable Remainder Trust?
GA29,1,What is a key benefit of a (CLT)?
GA29,2,Why might someone choose to set up a (CLT)?
GA29,3,What are the advantages of using a (CLT)?
GA29,4,How does a (CLT) benefit the grantor and charity?
GA29,5,What is the main purpose of establishing a (CLT)?
GA30,1,What is a key benefit of a tax?
GA30,2,Why might someone choose to set up a tax?
GA30,3,What are the advantages of using a tax?
GA30,4,How does a tax benefit the grantor and charity?
GA30,5,What is the main purpose of establishing a tax?
GA31,1,What is a key benefit of a Irrevocable?
GA31,2,Why might someone choose to set up a Irrevocable?
GA31,3,What are the advantages of using a Irrevocable?
GA31,4,How does a Irrevocable benefit the grantor and charity?
GA31,5,What is the main purpose of establishing a Irrevocable?
GA32,1,What are the time-saving benefits of a Living Trust for beneficiaries?
GA32,2,How does a Living Trust bypass the probate process?
GA32,3,Why is the probate process slower than using a Living Trust?
GA32,4,What makes a Living Trust more efficient for asset distribution?
GA32,5,Can a Living Trust help beneficiaries avoid legal delays?
GA33,1,How does a Living Trust help me manage my assets during my lifetime?
GA33,2,What are the benefits of using a Living Trust while I am alive?
GA33,3,Can I make changes to my Living Trust while I am still living?
GA33,4,How do Living Trusts facilitate asset management before death?
GA33,5,What happens to my Living Trust after I pass away?
GA34,1,What is a key benefit of a beneficiaries?
GA34,2,Why might someone choose to set up a beneficiaries?
GA34,3,What are the advantages of using a beneficiaries?
GA34,4,How does a beneficiaries benefit the grantor and charity?
GA34,5,What is the main purpose of establishing a beneficiaries?
GA36,1,What limitations exist when trying to modify an Irrevocable Living Trust?
GA36,2,Can I make changes to an Irrevocable Living Trust after it has been established?
GA36,3,What conditions allow for modifications to an Irrevocable Living Trust?
GA36,4,How do beneficiary agreements impact changes to an Irrevocable Living Trust?
GA36,5,What powers can a grantor retain in an Irrevocable Living Trust?
GA37,1,What steps are involved in establishing a Charitable Trust?
GA37,2,How do I choose a trustee for my Charitable Trust?
GA37,3,What should I include in the trust document for a Charitable Trust?
GA37,4,How can legal and tax advisors assist in setting up a Charitable Trust?
GA37,5,What are the regulatory requirements for creating a Charitable Trust?
GA38,1,Can you explain how tax can be used for tax planning?
GA38,2,What are some advantages of using tax for financial planning?
GA38,3,How does tax benefit estate and tax management?
GA38,4,In what ways can tax reduce tax liabilities?
GA38,5,What are the key tax implications of setting up a tax?
GA39,1,Can you explain how estate can be used for tax planning?
GA39,2,What are some advantages of using estate for financial planning?
GA39,3,How does estate benefit estate and tax management?
GA39,4,In what ways can estate reduce tax liabilities?
GA39,5,What are the key tax implications of setting up a estate?
GA40,1,Can you explain how & can be used for tax planning?
GA40,2,What are some advantages of using & for financial planning?
GA40,3,How does & benefit estate and tax management?
GA40,4,In what ways can & reduce tax liabilities?
GA40,5,What are the key tax implications of setting up a &?
GA41,1,What roles do the Executor and Beneficiaries play in a will?
GA41,2,How are Specific Bequests defined in a will?
GA41,3,What is the Residuary Estate in the context of a will?
GA41,4,Can you explain the importance of each component of a will?
GA41,5,What happens if a component of the will is missing?
GA42,1,Why is having a will essential for estate planning?
GA42,2,What happens to my assets if I die without a will?
GA42,3,How does a will reflect my intentions for asset distribution?
GA42,4,What role does a will play during the probate process?
GA42,5,Can a will prevent disputes among family members regarding asset distribution?
GA44,1,How does a Charitable Trust benefit a specific charity?
GA44,2,What steps are involved in setting up a Charitable Trust for a cause?
GA44,3,Can I direct a Charitable Trust to support multiple organizations?
GA44,4,What are the advantages of using a Charitable Trust for charitable giving?
GA44,5,How can I ensure that my Charitable Trust aligns with my philanthropic goals?
GA45,1,What protections does a Special Needs Trust provide for beneficiaries?
GA45,2,How can a Special Needs Trust supplement government benefits?
GA45,3,What types of assets can be placed in a Special Needs Trust?
GA45,4,Will a Special Needs Trust affect my eligibility for Medicaid or SSI?
GA45,5,How does a Special Needs Trust help maintain government assistance for individuals with disabilities?
GA46,1,How does a Revocable Living Trust provide control over assets?
GA46,2,What are the advantages of modifying a Revocable Living Trust?
GA46,3,In what ways does a Revocable Living Trust avoid probate?
GA46,4,Can a Revocable Living Trust be changed after it is established?
GA46,5,What happens to a Revocable Living Trust when the grantor passes away?
GA48,1,Can you explain how asset can be used for tax planning?
GA48,2,What are some advantages of using asset for financial planning?
GA48,3,How does asset benefit estate and tax management?
GA48,4,In what ways can asset reduce tax liabilities?
GA48,5,What are the key tax implications of setting up a asset?
GA58,1,Can you explain how lead can be used for tax planning?
GA58,2,What are some advantages of using lead for financial planning?
GA58,3,How does lead benefit estate and tax management?
GA58,4,In what ways can lead reduce tax liabilities?
GA58,5,What are the key tax implications of setting up a lead?
GA59,1,Can you explain how lead can be used for tax planning?
GA59,2,What are some advantages of using lead for financial planning?
GA59,3,How does lead benefit estate and tax management?
GA59,4,In what ways can lead reduce tax liabilities?
GA59,5,What are the key tax implications of setting up a lead?
GA61,1,What documents are considered Advance Directives?
GA61,2,How does a Power of Attorney function as an Advance Directive?
GA61,3,What is the purpose of a Living Will in Advance Directives?
GA61,4,How does a Health Care Proxy differ from other Advance Directives?
GA61,5,Why is HIPAA Authorization important in the context of Advance Directives?
GA62,1,How does a Power of Attorney work in estate planning?
GA62,2,What are the responsibilities of someone with Power of Attorney?
GA62,3,What is the difference between a Power of Attorney and a Durable Power of Attorney?
GA62,4,When should I consider setting up a Power of Attorney?
GA62,5,What should I look for when choosing someone to be my Power of Attorney?
GA63,1,How does a Health Care Proxy work in medical decision-making?
GA63,2,What responsibilities does a Health Care Proxy have?
GA63,3,Why is it important to choose someone trustworthy as a Health Care Proxy?
GA63,4,What should I discuss with my Health Care Proxy regarding my medical wishes?
GA63,5,What happens if I don't have a Health Care Proxy?
GA64,1,How does a Living Will guide medical decisions?
GA64,2,What specific wishes can be outlined in a Living Will?
GA64,3,Why is a Living Will important for end-of-life care?
GA64,4,How does a Living Will differ from a Health Care Proxy?
GA64,5,What should I include in my Living Will?
GA65,1,How does a HIPAA Authorization differ from a Health Care Proxy?
GA65,2,What rights does a HIPAA Authorization grant to designated individuals?
GA65,3,Why is a HIPAA Authorization important in healthcare decision-making?
GA65,4,Who can I designate in my HIPAA Authorization?
GA65,5,What should I consider when creating a HIPAA Authorization?
GA67,1,What services are included in the Revocable Trust Package?
GA67,2,Can you explain the differences between the Revocable and Irrevocable Trust Packages?
GA67,3,What additional documents come with the Living Trust Package?
GA67,4,How can I choose between a Revocable Trust and an Irrevocable Trust?
GA67,5,Are there any promotions or discounts available for estate planning packages?
GA68,1,How does AI onboarding improve the estate planning process?
GA68,2,What cost savings can I expect from using NY Estate Law .ai?
GA68,3,What kind of personalized legal services does NY Estate Law .ai offer?
GA68,4,How does the satisfaction guarantee work at NY Estate Law .ai?
GA68,5,Can I switch from AI onboarding to human consultation at any time?
GA69,1,What is the difference between the documents in the Revocable and Irrevocable Living Trust Packages?
GA69,2,Are there any additional documents that come with the Living Trust Packages?
GA69,3,How do the documents in a Living Trust Package assist in estate planning?
GA69,4,Can I customize the documents included in my Living Trust Package?
GA69,5,What role does each document in the Living Trust Package play?
GA70,1,What options do I have if I'm not satisfied with my estate planning package?
GA70,2,How does the refund process work at NY Estate Law .ai?
GA70,3,What guarantees does NY Estate Law .ai provide for its services?
GA70,4,Can I customize my estate plan after the initial consultation?
GA70,5,What should I do if the estate plan does not meet my expectations?
GA71,1,What are the advantages of using a trust over a will in New York?
GA71,2,How do trusts facilitate direct asset transfers to beneficiaries?
GA71,3,What is the Surrogate's Court process in New York?
GA71,4,Can all types of trusts help avoid probate?
GA71,5,What are the potential costs associated with probate that trusts can help eliminate?
GA73,1,How does a Pour Over Will work in conjunction with a Living Trust?
GA73,2,What are the benefits of having a Pour Over Will?
GA73,3,What assets should be included in a Living Trust to avoid probate?
GA73,4,Can a Pour Over Will minimize the impact of probate?
GA73,5,What should I consider when creating a Pour Over Will?
GA74,1,How often should I review my estate plan?
GA74,2,What significant life events should prompt a review of my estate plan?
GA74,3,Can I make changes to my estate plan anytime?
GA74,4,What is the process for updating my estate plan with NY Estate Law .ai?
GA74,5,Why is it important to keep my estate plan current?
GA75,1,What role do joint ownership and beneficiary designations play in avoiding probate?
GA75,2,How can using joint ownership and beneficiary designations bypass probate?
GA75,3,In what ways do joint ownership and beneficiary designations help avoid the probate process?
GA75,4,How do Payable-On-Death and Transfer-On-Death designations prevent probate?
GA75,5,Why are joint ownership and beneficiary designations important for probate avoidance?
GA76,1,How do Payable-On-Death and Transfer-On-Death accounts work?
GA76,2,What is the purpose of POD and TOD accounts in estate planning?
GA76,3,Can POD and TOD accounts help avoid probate?
GA76,4,How do Payable-On-Death and Transfer-On-Death accounts bypass probate?
GA76,5,What are the benefits of using POD and TOD accounts in asset transfer?
GA77,1,How does a Medicaid Asset Protection Trust protect assets?
GA77,2,What is the function of a Medicaid Asset Protection Trust?
GA77,3,How does a Medicaid Asset Protection Trust affect Medicaid eligibility?
GA77,4,What role does a Medicaid Asset Protection Trust play in estate planning?
GA77,5,How does setting up a Medicaid Asset Protection Trust benefit heirs?
GA78,1,How does a Living Trust safeguard assets from creditors?
GA78,2,What benefits does a Living Trust provide in protecting assets from creditors?
GA78,3,How can a Living Trust help avoid creditor claims?
GA78,4,Why is an Irrevocable Living Trust useful for protecting assets?
GA78,5,How does a Living Trust transfer ownership to protect assets from legal claims?
GA79,1,What is the process for using a Small Estate Affidavit in New York?
GA79,2,How can a Small Estate Affidavit help beneficiaries in New York?
GA79,3,What steps are involved in New York's Small Estate Affidavit process?
GA79,4,How does the Small Estate Affidavit process bypass formal probate in New York?
GA79,5,What are the conditions for using a Small Estate Affidavit in New York?
GA80,1,What is the purpose of a Standalone Retirement Trust?
GA80,2,In what ways does a Standalone Retirement Trust offer asset protection?
GA80,3,How does a Standalone Retirement Trust differ from an inherited retirement account?
GA80,4,Can a Standalone Retirement Trust help with estate planning?
GA80,5,What advantages does a Standalone Retirement Trust provide for retirement assets?
GA81,1,What are the tax benefits of an Irrevocable Life Insurance Trust (ILIT)?
GA81,2,How can an ILIT assist in estate tax reduction?
GA81,3,In what way does an ILIT affect life insurance policy taxation?
GA81,4,Why would someone use an Irrevocable Life Insurance Trust?
GA81,5,How does an ILIT help in managing life insurance for estate planning?
GA82,1,What advantages does a Trust-Based Estate Plan offer?
GA82,2,How does a Trust-Based Estate Plan help avoid probate?
GA82,3,What are the benefits of using trusts in estate planning?
GA82,4,How can a Trust-Based Estate Plan protect family assets?
GA82,5,In what ways does a Trust-Based Estate Plan provide privacy?
GA83,1,How can a trust help in minimizing family disputes over an estate?
GA83,2,What role does a trust play in estate management to avoid conflicts?
GA83,3,How does clearly outlining asset distribution in a trust prevent disputes?
GA83,4,In what ways can a trust protect beneficiaries from conflicts?
GA83,5,How can a well-structured trust help maintain family harmony regarding assets?
GA84,1,Why is it crucial to keep my estate plan updated?
GA84,2,What should prompt me to revise my estate plan?
GA84,3,How often should I review my estate plan?
GA84,4,What changes in my life would necessitate an update to my estate plan?
GA84,5,How can failing to update my estate plan affect my wishes?
GA85,1,How can lifetime gifting be beneficial in estate planning?
GA85,2,What are the advantages of gifting assets to avoid probate?
GA85,3,How does gifting affect the probate process for my estate?
GA85,4,What should I consider before making significant lifetime gifts?
GA85,5,In what situations might gifting be a disadvantage in estate planning?
GA86,1,What strategies can I use to protect minors in my estate plan?
GA86,2,How does estate planning ensure the safety of minor children?
GA86,3,What provisions can I include in my estate plan for minors?
GA86,4,Why is it important to name guardians for minor children in an estate plan?
GA86,5,How can trusts help manage assets for minors until they are of age?
GA87,1,What distinguishes a Testamentary Trust from a Living Trust?
GA87,2,In what situations would I choose a Living Trust over a Testamentary Trust?
GA87,3,How does the probate requirement differ between Testamentary and Living Trusts?
GA87,4,What are the implications of setting up a Testamentary Trust?
GA87,5,How does the timing of asset distribution differ between these two types of trusts?
GA88,1,What advantages does avoiding probate offer in New York?
GA88,2,How can avoiding probate benefit my estate in New York?
GA88,3,What are the financial benefits of not going through probate in New York?
GA88,4,How does avoiding probate impact my family's privacy in New York?
GA88,5,What efficiencies come from bypassing probate in New York?
GA89,1,In what ways does NY Estate Law. ai make estate planning affordable?
GA89,2,How does technology reduce the cost of estate planning with NY Estate Law. ai?
GA89,3,What are the cost-saving features of using NY Estate Law. ai for estate planning?
GA89,4,How can I receive affordable legal advice through NY Estate Law. ai?
GA89,5,What is the role of AI onboarding in making estate planning affordable?
GA90,1,What steps should I take to begin estate planning with NY Estate Law. ai?
GA90,2,How do I initiate the estate planning process on nyestatelaw.ai?
GA90,3,What options do I have for starting my estate plan with NY Estate Law. ai?
GA90,4,Can I consult with someone when starting my estate planning process?
GA90,5,What is the process for selecting an estate planning package with NY Estate Law. ai?
GA91,1,What does AI onboarding involve at NY Estate Law.ai?
GA91,2,How does AI onboarding simplify the estate planning process?
GA91,3,What packages can I select through AI onboarding at NY Estate Law.ai?
GA91,4,What are the benefits of using AI onboarding for estate planning?
GA91,5,How much can I save with AI onboarding compared to traditional methods?
GA92,1,What control do I retain with a Revocable Trust compared to an Irrevocable Trust?
GA92,2,How does the level of control differ between Revocable and Irrevocable Trusts?
GA92,3,What are the implications of control in choosing between Revocable and Irrevocable Trusts?
GA92,4,Can I change an Irrevocable Trust once it's established?
GA92,5,What are the benefits of maintaining control over a Revocable Trust?
GA93,1,Why would someone choose a Standalone Retirement Trust over other options?
GA93,2,What specific features does a Standalone Retirement Trust offer for managing retirement accounts?
GA93,3,How does a Standalone Retirement Trust provide creditor protection?
GA93,4,What are the distribution advantages of a Standalone Retirement Trust?
GA93,5,In what scenarios should I consider establishing a Standalone Retirement Trust?
GA94,1,How does NY Estate Law.ai’s AI onboarding improve efficiency in estate planning?
GA94,2,What processes are streamlined through AI onboarding at NY Estate Law.ai?
GA94,3,How does AI onboarding reduce the cost of estate planning services?
GA94,4,What is the benefit of consulting an attorney after using AI onboarding?
GA94,5,How does the online process of AI onboarding work at NY Estate Law.ai?
GA95,1,What responsibilities does a trustee have in managing an Irrevocable Trust?
GA95,2,How does a trustee's role differ in an Irrevocable Trust compared to a Revocable Trust?
GA95,3,What are the key duties of a trustee in an Irrevocable Trust?
GA95,4,Can the grantor also serve as the trustee in an Irrevocable Trust?
GA95,5,How should a trustee handle asset distribution in an Irrevocable Trust?
GA96,1,Is it possible to make changes to my trust after using AI onboarding?
GA96,2,What steps can I take to update my trust after starting with AI onboarding?
GA96,3,Can I modify my trust package after the AI onboarding process?
GA96,4,How flexible is the AI onboarding process regarding trust updates?
GA96,5,What should I consider when updating my trust post-AI onboarding?
GA97,1,What are the eligibility criteria for using the Small Estate Affidavit in New York?
GA97,2,How does the Small Estate Affidavit simplify the estate settlement process?
GA97,3,When is it appropriate to use a Small Estate Affidavit in New York?
GA97,4,What assets can be included in a Small Estate Affidavit?
GA97,5,What are the benefits of using a Small Estate Affidavit over traditional probate?
GA98,1,What are the consequences of dying without a will in New York?
GA98,2,How does New York handle estates for those who die intestate?
GA98,3,What is the intestacy process in New York?
GA98,4,Can dying without a will affect how my assets are distributed?
GA98,5,What issues arise when someone dies without a will or trust in New York?
GA99,1,How does a Trust-Based Estate Plan benefit my children if I pass away?
GA99,2,What protections does a trust provide for my minor children?
GA99,3,How can I ensure my children are financially secure through estate planning?
GA99,4,What role do guardians play in a Trust-Based Estate Plan?
GA99,5,Why is it important to set up trusts for my minor children?
GA100,1,What does it mean to properly fund a trust?
GA100,2,Why is transferring assets to a trust crucial?
GA100,3,How does funding a trust affect my estate plan?
GA100,4,What types of assets should be included when funding a trust?
GA100,5,What happens if I forget to fund my trust?
GA101,1,What services does NY Estate Law.ai provide?
GA101,2,How does NY Estate Law.ai combine AI with legal expertise?
GA101,3,What types of estate planning packages are offered by NY Estate Law.ai?
GA101,4,How can NY Estate Law.ai make estate planning more affordable?
GA101,5,What is the role of attorneys in the NY Estate Law.ai service?
GA102,1,What is the address of NY Estate Law .ai?
GA102,2,Where can I find the location of NY Estate Law .ai?
GA102,3,How can I find the physical address of NY Estate Law .ai?
GA102,4,Is there a mailing address for NY Estate Law .ai?
GA102,5,Where on your website can I find your address?
GA103,1,What is meant by a 'genuine attorney'?
GA103,2,How do genuine attorneys at NY Estate Law. ai assist clients?
GA103,3,What qualifications do genuine attorneys have at NY Estate Law .ai?
GA103,4,Why is it important to have a genuine attorney review my estate plan?
GA103,5,What role does a genuine attorney play in the estate planning process?
GA104,1,What does the AI onboarding process involve at NY Estate Law. ai?
GA104,2,How does AI onboarding help with selecting an estate planning package?
GA104,3,What are the benefits of using AI onboarding for estate planning?
GA104,4,Is legal advice provided during the AI onboarding process?
GA104,5,How does AI onboarding work in conjunction with human attorneys?
GA105,1,What are the office hours for NY Estate Law. ai?
GA105,2,When can I reach out to NY Estate Law .ai for assistance?
GA105,3,Are there specific days when NY Estate Law .ai is closed?
GA105,4,How can I interact with AI Kelley outside of regular working hours?
GA105,5,What services are available after hours at NY Estate Law .ai?
GA106,1,What are the contact details for NY Estate Law .ai?
GA106,2,How can I reach NY Estate Law .ai for inquiries?
GA106,3,What is the phone number for NY Estate Law .ai?
GA106,4,Is there an email address to contact NY Estate Law .ai?
GA106,5,Where can I find more information about contacting NY Estate Law .ai?
GA108,1,How much time does estate planning take with NY Estate Law.ai?
GA108,2,What factors influence the duration of the estate planning process?
GA108,3,Can I expedite the estate planning process with NY Estate Law.ai?
GA108,4,What is the typical timeline for completing estate planning with NY Estate Law.ai?
GA108,5,Are there options for urgent estate planning services at NY Estate Law.ai?
GA109,1,What can I expect during the free consultation at NY Estate Law.ai?
GA109,2,Does the free consultation include legal advice?
GA109,3,What topics are covered in the free consultation?
GA109,4,How can the free consultation help me with my estate planning?
GA109,5,Is there a cost associated with the initial consultation at NY Estate Law.ai?
GA110,1,Is it possible to have an in-person meeting with an attorney at NY Estate Law.ai?
GA110,2,How do I arrange a face-to-face meeting with an attorney at NY Estate Law.ai?
GA110,3,Can I choose to meet my attorney in person instead of online?
GA110,4,What steps should I take to set up an appointment with an attorney?
GA110,5,Are in-person consultations available for all clients at NY Estate Law.ai?
GA111,1,What is the official name of your company?
GA111,2,Can you tell me the name of your business?
GA111,3,What is the corporate name of NY Estate Law.ai?
GA111,4,Is NY Estate Law.ai the full name of your company?
GA111,5,How is your company identified in legal documents?
GA112,1,What should I call you?
GA112,2,Can you tell me your name?
GA112,3,Who are you?
GA112,4,What is the name of this AI?
GA112,5,How should I refer to you?
GA113,1,What is the cost of setting up a trust?
GA113,2,How much will I pay for a Living Trust Package?
GA113,3,What are the prices for your estate planning services?
GA113,4,Can I get a Living Trust for a lower price with AI Onboarding?
GA113,5,What discounts are available for trust packages?
GA114,1,Can you explain what human Onboarding is?
GA114,2,What assistance do I get with Human Onboarding?
GA114,3,How does Human Onboarding work for trust purchases?
GA114,4,What is the difference between Human and AI Onboarding?
GA114,5,Why should I choose Human Onboarding over AI Onboarding?
GA115,1,What is the current time?
GA115,2,How can I find out what time it is?
GA115,3,Why can't you tell me the time right now?
GA115,4,Is there a way to know the time using this AI?
GA115,5,Can you provide the local time based on my location?
GA116,1,What benefits does a Trust-Based Estate Plan have compared to a Will?
GA116,2,How does a Trust differ from a Will in terms of asset distribution?
GA116,3,Why should I consider a Trust over a traditional Will?
GA116,4,What are the advantages of using a Trust for estate planning?
GA116,5,Can you explain why Trusts are preferred over Wills in estate planning?
GA117,1,What are the advantages of bypassing Surrogate’s Court in New York?
GA117,2,How does avoiding Surrogate’s Court affect asset distribution?
GA117,3,What legal costs can be reduced by avoiding Surrogate’s Court?
GA117,4,"Why is privacy important in estate matters, and how does it relate to Surrogate’s Court?"
GA117,5,What is the impact of Surrogate’s Court proceedings on the distribution process?
GA118,1,Why is it essential to have key estate planning documents before retirement?
GA118,2,What are the five critical documents in estate planning?
GA118,3,How do estate planning documents protect me before I retire?
GA118,4,What role do Living Trusts and Wills play in estate planning?
GA118,5,Why should I consider creating a Health Care Proxy before retirement?
GA119,1,What should I do if I experience major life changes and need to update my estate plan?
GA119,2,How flexible is a Revocable Trust when my circumstances change?
GA119,3,What legal assistance do I need to modify an Irrevocable Trust?
GA119,4,How do life events affect my estate planning documents?
GA119,5,Can I change my estate plan easily after a marriage or divorce?
GA120,1,In what ways does a Trust help manage assets for minors?
GA120,2,How can I ensure my child's financial responsibility through a Trust?
GA120,3,What role does a trustee play in managing assets for minors?
GA120,4,How does a Trust benefit minors until they reach adulthood?
GA120,5,What provisions can be included in a Trust for minor beneficiaries?
GA121,1,What is the process for setting up a Trust with NY Estate Law .ai?
GA121,2,How does AI onboarding work for creating a Trust?
GA121,3,Can I choose between AI and human onboarding for my Trust setup?
GA121,4,What happens during the kickoff meeting with my attorney?
GA121,5,How is my Trust plan customized to fit my needs?
GA122,1,How can I use the Estate Planning Template to start my planning?
GA122,2,What information does the Estate Planning Template help me organize?
GA122,3,How does the Estate Planning Template assist in communicating with my attorney?
GA122,4,Why is the Estate Planning Template beneficial for my estate planning?
GA122,5,What key details should I include in the Estate Planning Template?
GA123,1,What measures does NY Estate Law .ai take to ensure customer satisfaction?
GA123,2,How can I be assured of receiving professional legal guidance from NY Estate Law .ai?
GA123,3,What options do I have if I’m not satisfied with my estate planning package?
GA123,4,How does clear pricing contribute to customer satisfaction?
GA123,5,What guarantees does NY Estate Law .ai offer to clients regarding their services?
GA124,1,What common mistakes should I avoid when planning my estate?
GA124,2,How can I ensure my estate plan is comprehensive and effective?
GA124,3,What are the risks of neglecting to update my estate plan?
GA124,4,Why is it important to consider digital assets in my estate plan?
GA124,5,What should I do to avoid probate in my estate planning?
GA125,1,How is my personal information safeguarded during the estate planning process?
GA125,2,What measures are in place to protect my confidential data?
GA125,3,Who has access to my confidential information at NY Estate Law .ai?
GA125,4,Will my information be shared with third parties?
GA125,5,How does NY Estate Law .ai ensure the confidentiality of my estate planning details?
GA126,1,Can I ask additional questions?
GA126,2,What should I do if I have more inquiries?
GA126,3,Is it okay to ask further questions?
GA126,4,How can I get more information?
GA126,5,Can you help me with other queries I might have?
RA1,1,What does the attorney-client relationship entail in this agreement?
RA1,2,Are there any limitations to the legal services provided?
RA1,3,How does this agreement define the scope of the attorney-client relationship?
RA1,4,What legal services are included in this attorney-client agreement?
RA1,5,Can I seek other legal services outside the scope of this agreement?
RA2,1,How is my confidential information handled under this agreement?
RA2,2,Who has access to my confidential information?
RA2,3,Will my information be shared with any third parties?
RA2,4,How does NY Estate Law .ai ensure the confidentiality of my data?
RA2,5,What measures are in place to protect my sensitive information?
RA5,1,How is the flat fee for legal services set?
RA5,2,What factors influence the negotiation of the flat fee?
RA5,3,Is the flat fee fair and reasonable according to this agreement?
RA5,4,Where can I find the exact amount of the flat fee outlined?
RA5,5,Can the flat fee change during the course of service?
RA7,1,Will I be notified of expenses exceeding $50 before they occur?
RA7,2,What approval process is in place for costs over $50?
RA7,3,How will I be informed about additional expenses?
RA7,4,Can I give approval verbally or in writing for costs over $50?
RA7,5,What happens if costs exceed the estimated amount without my approval?
RA8,1,What happens if I refuse to approve a necessary expense for my case?
RA8,2,Can my Estate Planning process be affected if I don't approve certain costs?
RA8,3,What are the consequences of not approving necessary expenses?
RA8,4,Will the firm cover costs if I don’t approve them?
RA8,5,How will I be charged for any advanced costs related to my case?
RA10,1,How do I repay any costs advanced by the firm?
RA10,2,What is the repayment process for advances made on my behalf?
RA10,3,When am I required to reimburse the firm for any advances?
RA10,4,Can you explain how advances work and when they need to be repaid?
RA10,5,What happens if I delay reimbursing advances made for my case?
RA11,1,What should I do if I need to cancel an appointment?
RA11,2,How can I notify the firm about a delay for my appointment?
RA11,3,What is the recommended notice period for canceling an appointment?
RA11,4,Who should I contact if I'm running late for an appointment?
RA11,5,What are the consequences of not providing notice for appointment cancellations?
RA12,1,What steps do I take to schedule an appointment with my attorney?
RA12,2,How can I book a meeting with an attorney at the firm?
RA12,3,What options do I have for booking an appointment?
RA12,4,Is there a specific link for scheduling my attorney appointment?
RA12,5,Who do I contact for assistance in booking an appointment with an attorney?
RA13,1,Who do I contact for legal advice outside of my appointments?
RA13,2,What should I do if I have questions before my scheduled meeting?
RA13,3,Can I reach out to an attorney for legal questions anytime?
RA13,4,How can I get legal assistance outside of my appointment times?
RA13,5,Is there a specific process for asking legal questions between appointments?
RA14,1,What are the consequences of canceling an appointment on short notice?
RA14,2,How should I notify the firm if I need to cancel with little notice?
RA14,3,What is the protocol for canceling an appointment with less than a day’s notice?
RA14,4,Will I face any penalties for canceling my appointment late?
RA14,5,Is there a preferred method for canceling my appointment with short notice?
RA15,1,What legal services are covered by the flat fee arrangement?
RA15,2,Are there any exclusions in the flat fee agreement?
RA15,3,How do I find out what services fall under the flat fee?
RA15,4,What additional costs should I be aware of beyond the flat fee?
RA15,5,Can I get a detailed list of services included in the flat fee arrangement?
RA16,1,How will I be informed about disclosures of my information?
RA16,2,What steps does the firm take regarding necessary disclosures?
RA16,3,Will I be notified if my information is shared with other professionals?
RA16,4,How does the firm determine what information needs to be disclosed?
RA16,5,What communication can I expect regarding my information security?
RA17,1,Will there be any extra costs during my representation?
RA17,2,What types of additional expenses should I expect?
RA17,3,How will I be informed about any extra fees that arise?
RA17,4,Can you provide examples of possible additional costs?
RA17,5,What happens if my case requires more than the standard package covers?
RA18,1,What is the procedure for involving additional professionals in my case?
RA18,2,How will I be informed if other professionals need to assist with my estate planning?
RA18,3,Will I need to approve the involvement of additional professionals?
RA18,4,How does the firm ensure that involving other professionals is beneficial for me?
RA18,5,What kind of information will be shared with additional professionals?
RA19,1,How does the firm assess the necessity of costs incurred during my case?
RA19,2,What criteria are used to determine if an expense is essential?
RA19,3,Will I be notified about necessary costs before they are incurred?
RA19,4,Can you explain the process for approving necessary expenses?
RA19,5,What happens if I disagree with the firm’s assessment of a necessary expense?
RA20,1,What are the expectations for client communication with the firm?
RA20,2,How should I notify the firm if I need to change my appointment?
RA20,3,Is there a preferred way to contact the firm regarding appointments?
RA20,4,What is the procedure if I am running late for an appointment?
RA20,5,How far in advance should I book appointments with the firm?
OA1,1,Do I really need an estate plan if my assets are minimal?
OA1,2,How important is estate planning for someone with few assets?
OA1,3,What if I don’t think my assets are valuable enough for an estate plan?
OA1,4,Is estate planning only for wealthy individuals?
OA1,5,How can estate planning benefit me if I have limited assets?
OA2,1,Will the estate planning process take a lot of my time?
OA2,2,How can I make the estate planning process quicker?
OA2,3,What if I don’t have time for estate planning right now?
OA2,4,Is it true that estate planning takes a long time?
OA2,5,Can you help me streamline the estate planning process?
OA3,1,Why is creating a trust so complicated?
OA3,2,How can I understand the different types of trusts better?
OA3,3,What should I know about trusts before creating one?
OA3,4,Can you explain the benefits of different types of trusts simply?
OA3,5,How can you simplify the process of setting up a trust for me?
OA4,1,What should I do if my family situation changes in the future?
OA4,2,Can I update my estate plan if my circumstances change?
OA4,3,How often should I review my estate plan for necessary changes?
OA4,4,What happens to my estate plan if I need to make adjustments later?
OA4,5,Is it easy to modify my estate plan as my family’s needs evolve?
OA5,1,How can estate planning affect my current financial status?
OA5,2,Will estate planning add to my existing financial burdens?
OA5,3,What strategies can help minimize estate taxes during planning?
OA5,4,How does estate planning align with my financial goals?
OA5,5,Can estate planning protect my assets from taxes effectively?
OA6,1,What resources can help me understand my estate planning options?
OA6,2,How can I gain confidence in making estate planning decisions?
OA6,3,Is it normal to feel overwhelmed by estate planning choices?
OA6,4,What kind of support do you provide for clients needing guidance?
OA6,5,How will your firm help me navigate my estate planning decisions?
OA7,1,How can I ensure my estate plan is legally binding?
OA7,2,What steps are taken to prevent my estate plan from being contested?
OA7,3,Are there guarantees that my estate plan will be respected?
OA7,4,How do you document my intentions in the estate planning process?
OA7,5,What legal requirements must my estate plan meet?
OA8,1,How can I relieve my family of managing my estate after I'm gone?
OA8,2,What can I do to prevent family conflicts regarding my estate?
OA8,3,How does an estate plan help in managing family responsibilities?
OA8,4,What guidance can I provide to ensure my estate is managed properly?
OA8,5,Can an estate plan help avoid difficult decisions for my family?
OA9,1,What measures can be taken to protect my privacy in estate planning?
OA9,2,How does estate planning affect public records and my privacy?
OA9,3,What strategies do you use to keep my estate matters private?
OA9,4,Can a trust help maintain my confidentiality in estate planning?
OA9,5,What are my privacy rights regarding estate planning documents?
OA10,1,What should I do if I disagree with my attorney's recommendations?
OA10,2,How can I ensure my estate plan reflects my wishes if I don’t trust lawyers?
OA10,3,What process allows me to voice my concerns about legal documents?
OA10,4,How does your firm prioritize transparency in estate planning?
OA10,5,Can I collaborate with you to create a plan I feel confident about?
OA11,1,How can I simplify the estate planning process?
OA11,2,What should I do if I feel overwhelmed by estate planning?
OA11,3,Can you help me figure out where to start with my estate plan?
OA11,4,What resources do you offer for someone new to estate planning?
OA11,5,How do you make the estate planning process easier for clients?
OA12,1,How often should I review my estate plan to ensure it's valid?
OA12,2,What happens if my estate plan is no longer sufficient due to changes in law?
OA12,3,Can you help me determine if my current plan is still effective?
OA12,4,What are the signs that I need to update my estate plan?
OA12,5,How do you keep clients informed about changes in estate planning laws?
OA13,1,What strategies can help minimize estate taxes?
OA13,2,How can I protect my estate from high tax liabilities?
OA13,3,What tax implications should I consider in my estate planning?
OA13,4,How can a good estate plan help preserve my assets from taxes?
OA13,5,What resources do you provide for understanding estate taxes?
OA14,1,Will I have control over my assets with a revocable trust?
OA14,2,How does a revocable trust allow me to maintain asset control?
OA14,3,Can I still make changes to my assets with an estate plan?
OA14,4,What are the benefits of using a revocable trust for asset management?
OA14,5,How does estate planning help me keep control of my wealth?
OA15,1,Is estate planning necessary for young people?
OA15,2,Why should I think about an estate plan at a young age?
OA15,3,What benefits does estate planning provide to younger individuals?
OA15,4,Can emergencies happen even if I’m young?
OA15,5,How can estate planning give me peace of mind now?
OA16,1,What additional benefits does a trust provide beyond a will?
OA16,2,Why might I need more than just a will for my estate planning?
OA16,3,How can a trust help me manage my assets more effectively?
OA16,4,What advantages does a trust offer regarding privacy?
OA16,5,Is it common to have both a will and a trust in an estate plan?
OA17,1,How can I feel more comfortable working with a lawyer?
OA17,2,What can be done to build trust in the legal process?
OA17,3,How does your firm ensure transparency in legal matters?
OA17,4,What steps will you take to explain the legal process to me?
OA17,5,Can I review legal documents thoroughly before signing?
OA18,1,Do I need an estate plan if I don’t have kids?
OA18,2,How can estate planning help someone without children?
OA18,3,What happens to my assets if I don’t create an estate plan?
OA18,4,Can I leave my assets to organizations or friends without children?
OA18,5,"Why is estate planning important for everyone, regardless of having kids?"
OA19,1,How can I avoid dealing with estate planning paperwork?
OA19,2,Will you handle the paperwork for my estate plan?
OA19,3,What support do you provide for managing estate planning documents?
OA19,4,Can you simplify the paperwork involved in estate planning?
OA19,5,How do you make the paperwork process easier for clients?
OA20,1,What should I consider when choosing an executor or trustee?
OA20,2,How can I decide who to appoint as my executor?
OA20,3,Are there benefits to hiring a professional fiduciary?
OA20,4,What options do I have for appointing a trustee?
OA20,5,Can you help me evaluate potential candidates for executor?
OA21,1,How can I ensure my medical care wishes are respected?
OA21,2,What should I do if I don’t want to decide on my medical care?
OA21,3,How does planning help with medical decisions in the future?
OA21,4,What are the benefits of making my medical wishes clear now?
OA21,5,How can I relieve my family from making tough medical choices?
OA22,1,How can I ensure my family understands my estate plan?
OA22,2,What can I do if my family disagrees with my estate planning decisions?
OA22,3,Will you help me explain my estate plan to my family?
OA22,4,What strategies can foster understanding among my family regarding my wishes?
OA22,5,How do you address potential disagreements in estate planning?
OA23,1,How can I manage the costs associated with maintaining my estate plan?
OA23,2,What options do you provide to keep maintenance costs low?
OA23,3,Will my estate plan require expensive ongoing maintenance?
OA23,4,How do you ensure long-term affordability for my estate plan?
OA23,5,What are the expected maintenance costs for an estate plan?
OA24,1,How often should I review my estate plan to ensure it's valid?
OA24,2,What happens if my estate plan becomes outdated due to changing laws?
OA24,3,Can you help me update my estate plan if laws change?
OA24,4,How do you keep clients informed about legal changes affecting their plans?
OA24,5,What steps do you take to ensure my estate plan remains effective?
OA25,1,What should I do if I'm too busy to work on my estate plan?
OA25,2,How can you accommodate my schedule for estate planning?
OA25,3,What flexible options do you offer for busy clients?
OA25,4,Can I create an estate plan without dedicating a lot of time?
OA25,5,How do you make the estate planning process convenient for clients with tight schedules?
OA26,1,How can I begin the process of creating an estate plan?
OA26,2,What steps should I take to start my estate planning?
OA26,3,Can you help me figure out where to begin with my estate plan?
OA26,4,What resources do you offer for someone new to estate planning?
OA26,5,How do you assist clients in developing their estate plans from scratch?
OA27,1,What strategies can help me reduce potential estate taxes?
OA27,2,How will estate taxes affect my assets in the future?
OA27,3,What are the implications of estate taxes on my estate planning?
OA27,4,Can you explain how to protect my wealth from estate taxes?
OA27,5,What steps can I take now to minimize estate taxes later?
OA28,1,Is estate planning really as complicated as people say?
OA28,2,How do you simplify the estate planning process for clients?
OA28,3,What should I expect when going through the estate planning process?
OA28,4,Can you guide me through the estate planning steps clearly?
OA28,5,What makes your approach to estate planning easier for clients?
OA29,1,Why is an estate plan important even if I trust my family?
OA29,2,How can I ensure my wishes are honored by my family without an estate plan?
OA29,3,What benefits does an estate plan provide beyond trust in my family?
OA29,4,How does an estate plan prevent misunderstandings with family?
OA29,5,Can you explain the role of legal documentation in estate planning?
OA30,1,Is an estate plan only necessary for wealthy individuals?
OA30,2,How can an estate plan benefit someone with few assets?
OA30,3,Why should I consider an estate plan if I’m not wealthy?
OA30,4,What role does control play in estate planning?
OA30,5,Can I have an estate plan if my assets are limited in value?
OA31,1,What can I do to minimize taxes on my estate?
OA31,2,How will estate taxes affect my family and my assets?
OA31,3,What strategies help protect my estate from high taxes?
OA31,4,Can estate planning really reduce tax liabilities?
OA31,5,How do you structure an estate plan to mitigate tax impacts?
OA32,1,Will a trust take away my control over my assets?
OA32,2,How can I maintain control of my assets while estate planning?
OA32,3,What options do I have to keep control of my wealth?
OA32,4,Can I change my assets within a revocable trust?
OA32,5,What are the benefits of a revocable trust in terms of asset control?
OA33,1,Is estate planning only for older individuals?
OA33,2,Why should young people consider an estate plan?
OA33,3,What benefits does estate planning provide to younger individuals?
OA33,4,Can an estate plan be useful in emergencies regardless of age?
OA33,5,How can I feel secure about my future as a young person through estate planning?
OA34,1,How can I prepare for the future without focusing on death?
OA34,2,What aspects of estate planning can I consider while I'm alive?
OA34,3,How does estate planning protect my loved ones without being morbid?
OA34,4,Can estate planning be a positive step rather than a negative one?
OA34,5,What are the benefits of having an estate plan during my lifetime?
OA35,1,What additional benefits does a trust offer beyond a will?
OA35,2,Why might I need both a will and a trust in my estate planning?
OA35,3,How does a trust enhance my estate plan compared to a will alone?
OA35,4,Can a trust provide more flexibility than a traditional will?
OA35,5,What role does a trust play in managing my assets effectively?
OA36,1,How can I build trust with a lawyer during the estate planning process?
OA36,2,What steps do you take to ensure transparency in legal matters?
OA36,3,How can I feel more comfortable with legal documents?
OA36,4,What reassurances can you provide to clients concerned about lawyers?
OA36,5,How do you handle client trust issues regarding legal processes?
OA37,1,Why should I consider an estate plan if I don’t have kids?
OA37,2,What happens to my assets if I don't have children?
OA37,3,How can an estate plan benefit someone without kids?
OA37,4,Can I direct my assets to charities or friends without an estate plan?
OA37,5,What role does estate planning play in asset distribution for childless individuals?
OA38,1,How can I avoid dealing with estate planning paperwork?
OA38,2,What assistance do you provide with estate planning documents?
OA38,3,Will you manage the paperwork involved in creating my estate plan?
OA38,4,What steps do you take to simplify the estate planning process?
OA38,5,How do you help clients who are overwhelmed by paperwork?
OA39,1,How do I choose an executor or trustee for my estate?
OA39,2,What should I consider when appointing a trustee?
OA39,3,Can you help me understand the role of an executor?
OA39,4,What options are available if I’m unsure about appointing someone?
OA39,5,How can a professional fiduciary assist in my estate planning?
OA40,1,What should I do if I don’t want to make medical decisions?
OA40,2,How can I ensure my medical care preferences are followed?
OA40,3,What planning can I do to avoid burdening my family with medical choices?
OA40,4,How does estate planning address medical care decisions?
OA40,5,What are my options for communicating my healthcare wishes?
OA41,1,How can I protect my privacy when it comes to estate planning?
OA41,2,What steps can I take to keep my estate information private?
OA41,3,How does a trust help maintain confidentiality in estate planning?
OA41,4,Are there ways to avoid public records in estate planning?
OA41,5,What is the relationship between probate and public records?
OA42,1,How can I ensure my gifting strategy is tax-efficient?
OA42,2,What should I consider when giving away my assets?
OA42,3,Can an estate plan help with my asset-giving strategy?
OA42,4,What are the benefits of integrating gifting into my estate plan?
OA42,5,How can I avoid complications when transferring my assets during my lifetime?
OA43,1,How can I minimize family conflicts over my estate?
OA43,2,What steps can I take to ensure my wishes are understood by my family?
OA43,3,How does appointing a neutral third party help in estate planning?
OA43,4,What can I do to prevent misunderstandings among my heirs?
OA43,5,How can an estate plan provide clarity to avoid disputes?
OA45,1,How can I avoid hidden fees in estate planning?
OA45,2,What should I ask about costs before starting my estate plan?
OA45,3,How do you ensure transparency regarding estate planning fees?
OA45,4,What costs should I expect when creating an estate plan?
OA45,5,Can you explain the fee structure for your estate planning services?
